{"cameraMode":{"drawMode":0,"name":"Shaded","section":"Shading Mode"},"sceneLighting":true,"audioPlay":false,"sceneViewState":{"m_AlwaysRefresh":false,"showFog":true,"showSkybox":false,"showFlares":true,"showImageEffects":true,"showParticleSystems":true,"showVisualEffectGraphs":true,"m_FxEnabled":true},"in2DMode":false,"pivot":{"x":1.0159516334533692,"y":-0.2098175585269928,"z":0.13903822004795075},"rotation":{"x":0.15231284499168397,"y":0.6677405834197998,"z":-0.14232687652111054,"w":0.7146195769309998},"size":2.1272380352020265,"orthographic":false}