{"cameraMode":{"drawMode":0,"name":"Shaded","section":"Shading Mode"},"sceneLighting":true,"audioPlay":false,"sceneViewState":{"m_AlwaysRefresh":false,"showFog":true,"showSkybox":false,"showFlares":true,"showImageEffects":true,"showParticleSystems":true,"showVisualEffectGraphs":true,"m_FxEnabled":true},"in2DMode":false,"pivot":{"x":-2.2294135093688967,"y":7.826934337615967,"z":2.6808576583862306},"rotation":{"x":0.10065025091171265,"y":-0.6083886027336121,"z":0.07821380347013474,"w":0.7833872437477112},"size":2.2709872722625734,"orthographic":false}