{"cameraMode":{"drawMode":0,"name":"Shaded","section":"Shading Mode"},"sceneLighting":true,"audioPlay":false,"sceneViewState":{"m_AlwaysRefresh":false,"showFog":true,"showSkybox":false,"showFlares":true,"showImageEffects":true,"showParticleSystems":true,"showVisualEffectGraphs":true,"m_FxEnabled":true},"in2DMode":false,"pivot":{"x":-1.9931113719940186,"y":8.727465629577637,"z":-0.5042226314544678},"rotation":{"x":-0.014131699688732624,"y":0.8548068404197693,"z":-0.023366384208202363,"w":-0.5183027982711792},"size":2.2641892433166506,"orthographic":false}