{"cameraMode":{"drawMode":0,"name":"Shaded","section":"Shading Mode"},"sceneLighting":true,"audioPlay":false,"sceneViewState":{"m_AlwaysRefresh":false,"showFog":true,"showSkybox":false,"showFlares":true,"showImageEffects":true,"showParticleSystems":true,"showVisualEffectGraphs":true,"m_FxEnabled":true},"in2DMode":false,"pivot":{"x":-8.075369834899903,"y":16.654769897460939,"z":-11.21837043762207},"rotation":{"x":-0.0050963363610208038,"y":-0.9644371867179871,"z":-0.018500883132219316,"w":0.2637758255004883},"size":7.797282695770264,"orthographic":false}