{"cameraMode":{"drawMode":0,"name":"Shaded","section":"Shading Mode"},"sceneLighting":true,"audioPlay":false,"sceneViewState":{"m_AlwaysRefresh":false,"showFog":true,"showSkybox":false,"showFlares":true,"showImageEffects":true,"showParticleSystems":true,"showVisualEffectGraphs":true,"m_FxEnabled":true},"in2DMode":false,"pivot":{"x":-12.622758865356446,"y":16.096281051635743,"z":-4.871281623840332},"rotation":{"x":0.0009113346459344029,"y":-0.8523138165473938,"z":0.0015640611527487636,"w":0.5231143832206726},"size":7.808979511260986,"orthographic":false}