{"cameraMode":{"drawMode":0,"name":"Shaded","section":"Shading Mode"},"sceneLighting":true,"audioPlay":false,"sceneViewState":{"m_AlwaysRefresh":false,"showFog":true,"showSkybox":false,"showFlares":true,"showImageEffects":true,"showParticleSystems":true,"showVisualEffectGraphs":true,"m_FxEnabled":true},"in2DMode":false,"pivot":{"x":-0.32951992750167849,"y":14.5518159866333,"z":-13.325211524963379},"rotation":{"x":0.00025234746863134205,"y":-0.9988570809364319,"z":0.04829228296875954,"w":0.0059689865447580818},"size":7.797282695770264,"orthographic":false}