{"cameraMode":{"drawMode":0,"name":"Shaded","section":"Shading Mode"},"sceneLighting":true,"audioPlay":false,"sceneViewState":{"m_AlwaysRefresh":false,"showFog":true,"showSkybox":false,"showFlares":true,"showImageEffects":true,"showParticleSystems":true,"showVisualEffectGraphs":true,"m_FxEnabled":true},"in2DMode":false,"pivot":{"x":-5.300647735595703,"y":16.55000877380371,"z":-13.098160743713379},"rotation":{"x":-0.0021844017319381239,"y":-0.9830107688903809,"z":-0.011484804563224316,"w":0.1834249496459961},"size":7.808979511260986,"orthographic":false}