{"cameraMode":{"drawMode":0,"name":"Shaded","section":"Shading Mode"},"sceneLighting":true,"audioPlay":false,"sceneViewState":{"m_AlwaysRefresh":false,"showFog":true,"showSkybox":false,"showFlares":true,"showImageEffects":true,"showParticleSystems":true,"showVisualEffectGraphs":true,"m_FxEnabled":true},"in2DMode":false,"pivot":{"x":-21.530357360839845,"y":11.167760848999024,"z":-0.08657509088516236},"rotation":{"x":-0.04609322547912598,"y":-0.6975488662719727,"z":-0.04505455866456032,"w":0.7136340141296387},"size":13.74533462524414,"orthographic":false}