{"cameraMode":{"drawMode":0,"name":"Shaded","section":"Shading Mode"},"sceneLighting":true,"audioPlay":false,"sceneViewState":{"m_AlwaysRefresh":false,"showFog":true,"showSkybox":false,"showFlares":true,"showImageEffects":true,"showParticleSystems":true,"showVisualEffectGraphs":true,"m_FxEnabled":true},"in2DMode":false,"pivot":{"x":0.0006193742156028748,"y":8.39783000946045,"z":1.0092443227767945},"rotation":{"x":-0.03658987954258919,"y":-0.6461466550827026,"z":-0.03103901632130146,"w":0.7617051005363464},"size":0.033083461225032809,"orthographic":false}