{"cameraMode":{"drawMode":0,"name":"Shaded","section":"Shading Mode"},"sceneLighting":true,"audioPlay":false,"sceneViewState":{"m_AlwaysRefresh":false,"showFog":true,"showSkybox":false,"showFlares":true,"showImageEffects":true,"showParticleSystems":true,"showVisualEffectGraphs":true,"m_FxEnabled":true},"in2DMode":false,"pivot":{"x":0.0009297630749642849,"y":8.98037338256836,"z":2.1213128566741945},"rotation":{"x":0.00015754062042105943,"y":0.990780234336853,"z":0.13577553629875184,"w":-0.0011904281564056874},"size":0.8731657862663269,"orthographic":false}