{"cameraMode":{"drawMode":0,"name":"Shaded","section":"Shading Mode"},"sceneLighting":true,"audioPlay":false,"sceneViewState":{"m_AlwaysRefresh":false,"showFog":true,"showSkybox":false,"showFlares":true,"showImageEffects":true,"showParticleSystems":true,"showVisualEffectGraphs":true,"m_FxEnabled":true},"in2DMode":false,"pivot":{"x":0.28206610679626467,"y":8.045228004455567,"z":0.19391489028930665},"rotation":{"x":0.027815351262688638,"y":0.9718996286392212,"z":-0.17685621976852418,"w":0.1528579592704773},"size":1.7311651706695557,"orthographic":false}