{"cameraMode":{"drawMode":0,"name":"Shaded","section":"Shading Mode"},"sceneLighting":true,"audioPlay":false,"sceneViewState":{"m_AlwaysRefresh":false,"showFog":true,"showSkybox":false,"showFlares":true,"showImageEffects":true,"showParticleSystems":true,"showVisualEffectGraphs":true,"m_FxEnabled":true},"in2DMode":false,"pivot":{"x":0.6845946907997131,"y":8.745701789855957,"z":3.200411319732666},"rotation":{"x":0.005209693219512701,"y":0.9944301843643189,"z":0.08673429489135742,"w":-0.059736866503953937},"size":0.34677165746688845,"orthographic":false}