{"cameraMode":{"drawMode":0,"name":"Shaded","section":"Shading Mode"},"sceneLighting":true,"audioPlay":false,"sceneViewState":{"m_AlwaysRefresh":false,"showFog":true,"showSkybox":false,"showFlares":true,"showImageEffects":true,"showParticleSystems":true,"showVisualEffectGraphs":true,"m_FxEnabled":true},"in2DMode":false,"pivot":{"x":-1.6637346744537354,"y":9.147944450378418,"z":0.20822648704051972},"rotation":{"x":0.10519811511039734,"y":0.7431206107139587,"z":-0.1203056126832962,"w":0.6497988104820252},"size":1.1534286737442017,"orthographic":false}