{"cameraMode":{"drawMode":0,"name":"Shaded","section":"Shading Mode"},"sceneLighting":true,"audioPlay":false,"sceneViewState":{"m_AlwaysRefresh":false,"showFog":true,"showSkybox":false,"showFlares":true,"showImageEffects":true,"showParticleSystems":true,"showVisualEffectGraphs":true,"m_FxEnabled":true},"in2DMode":false,"pivot":{"x":-23.24577522277832,"y":9.969808578491211,"z":-2.0734047889709474},"rotation":{"x":-0.024541283026337625,"y":-0.7310141324996948,"z":-0.026327982544898988,"w":0.6814144849777222},"size":14.369998931884766,"orthographic":false}