{"cameraMode":{"drawMode":0,"name":"Shaded","section":"Shading Mode"},"sceneLighting":true,"audioPlay":false,"sceneViewState":{"m_AlwaysRefresh":false,"showFog":true,"showSkybox":false,"showFlares":true,"showImageEffects":true,"showParticleSystems":true,"showVisualEffectGraphs":true,"m_FxEnabled":true},"in2DMode":false,"pivot":{"x":-14.310352325439454,"y":11.578700065612793,"z":17.01067543029785},"rotation":{"x":-0.05282030254602432,"y":-0.3740237355232239,"z":-0.021342482417821885,"w":0.9256677627563477},"size":13.314435958862305,"orthographic":false}