{"cameraMode":{"drawMode":0,"name":"Shaded","section":"Shading Mode"},"sceneLighting":true,"audioPlay":false,"sceneViewState":{"m_AlwaysRefresh":false,"showFog":true,"showSkybox":false,"showFlares":true,"showImageEffects":true,"showParticleSystems":true,"showVisualEffectGraphs":true,"m_FxEnabled":true},"in2DMode":false,"pivot":{"x":0.005255101248621941,"y":8.469429969787598,"z":0.9250009655952454},"rotation":{"x":-0.12641942501068116,"y":0.7230439782142639,"z":-0.13740099966526032,"w":-0.665118932723999},"size":0.5136711001396179,"orthographic":false}