{"cameraMode":{"drawMode":0,"name":"Shaded","section":"Shading Mode"},"sceneLighting":false,"audioPlay":false,"sceneViewState":{"m_AlwaysRefresh":false,"showFog":true,"showSkybox":false,"showFlares":true,"showImageEffects":true,"showParticleSystems":true,"showVisualEffectGraphs":true,"m_FxEnabled":true},"in2DMode":false,"pivot":{"x":-0.42280328273773196,"y":-0.3910965919494629,"z":-0.06338977813720703},"rotation":{"x":0.06628048419952393,"y":-0.9238387942314148,"z":0.3273152709007263,"w":0.18707510828971864},"size":2.13582444190979,"orthographic":false}