{"cameraMode":{"drawMode":0,"name":"Shaded","section":"Shading Mode"},"sceneLighting":false,"audioPlay":false,"sceneViewState":{"m_AlwaysRefresh":false,"showFog":true,"showSkybox":false,"showFlares":true,"showImageEffects":true,"showParticleSystems":true,"showVisualEffectGraphs":true,"m_FxEnabled":true},"in2DMode":false,"pivot":{"x":0.047970160841941836,"y":0.05493682622909546,"z":3.064565420150757},"rotation":{"x":-0.031800348311662677,"y":-0.018265562132000924,"z":0.0005547957844100893,"w":-0.9993616342544556},"size":2.010676860809326,"orthographic":false}