{"cameraMode":{"drawMode":0,"name":"Shaded","section":"Shading Mode"},"sceneLighting":false,"audioPlay":false,"sceneViewState":{"m_AlwaysRefresh":false,"showFog":true,"showSkybox":false,"showFlares":true,"showImageEffects":true,"showParticleSystems":true,"showVisualEffectGraphs":true,"m_FxEnabled":true},"in2DMode":false,"pivot":{"x":-0.801379382610321,"y":0.4895830452442169,"z":0.9948609471321106},"rotation":{"x":-0.17009858787059785,"y":0.19201497733592988,"z":-0.03385113552212715,"w":-0.9659822583198547},"size":2.3476240634918215,"orthographic":false}