{"cameraMode":{"drawMode":0,"name":"Shaded","section":"Shading Mode"},"sceneLighting":false,"audioPlay":false,"sceneViewState":{"m_AlwaysRefresh":false,"showFog":true,"showSkybox":false,"showFlares":true,"showImageEffects":true,"showParticleSystems":true,"showVisualEffectGraphs":true,"m_FxEnabled":true},"in2DMode":false,"pivot":{"x":0.3427954912185669,"y":2.2721431255340578,"z":-1.9401040077209473},"rotation":{"x":-0.030238883569836618,"y":-0.06769143790006638,"z":0.0020150679629296066,"w":-0.9972825646400452},"size":2.3476240634918215,"orthographic":false}