{"cameraMode":{"drawMode":0,"name":"Shaded","section":"Shading Mode"},"sceneLighting":true,"audioPlay":false,"sceneViewState":{"m_AlwaysRefresh":false,"showFog":true,"showSkybox":true,"showFlares":true,"showImageEffects":true,"showParticleSystems":true,"showVisualEffectGraphs":true,"m_FxEnabled":true},"in2DMode":false,"pivot":{"x":-2.8273777961730959,"y":0.21748924255371095,"z":0.4474969208240509},"rotation":{"x":-0.09444507956504822,"y":-0.6903851628303528,"z":0.09167315810918808,"w":-0.7114015817642212},"size":0.7114135026931763,"orthographic":false}