{"cameraMode":{"drawMode":0,"name":"Shaded","section":"Shading Mode"},"sceneLighting":true,"audioPlay":false,"sceneViewState":{"m_AlwaysRefresh":false,"showFog":true,"showSkybox":true,"showFlares":true,"showImageEffects":true,"showParticleSystems":true,"showVisualEffectGraphs":true,"m_FxEnabled":true},"in2DMode":false,"pivot":{"x":-1.7901723384857178,"y":27.902477264404298,"z":-50.545352935791019},"rotation":{"x":0.18035708367824555,"y":-0.04098508879542351,"z":0.0075289178639650349,"w":0.9827722311019898},"size":0.7029573321342468,"orthographic":false}