{"cameraMode":{"drawMode":0,"name":"Shaded","section":"Shading Mode"},"sceneLighting":true,"audioPlay":false,"sceneViewState":{"m_AlwaysRefresh":false,"showFog":true,"showSkybox":true,"showFlares":true,"showImageEffects":true,"showParticleSystems":true,"showVisualEffectGraphs":true,"m_FxEnabled":true},"in2DMode":false,"pivot":{"x":0.10567784309387207,"y":8.691206932067871,"z":1.993425726890564},"rotation":{"x":-0.02561682090163231,"y":0.9721527099609375,"z":0.19472916424274445,"w":0.1278894543647766},"size":0.5162133574485779,"orthographic":false}