{"cameraMode":{"drawMode":0,"name":"Shaded","section":"Shading Mode"},"sceneLighting":true,"audioPlay":false,"sceneViewState":{"m_AlwaysRefresh":false,"showFog":true,"showSkybox":true,"showFlares":true,"showImageEffects":true,"showParticleSystems":true,"showVisualEffectGraphs":true,"m_FxEnabled":true},"in2DMode":false,"pivot":{"x":-21.304899215698243,"y":-15.067756652832032,"z":65.95507049560547},"rotation":{"x":-0.14025241136550904,"y":0.20949387550354005,"z":-0.030375445261597635,"w":-0.9672301411628723},"size":51.99802017211914,"orthographic":false}