{"cameraMode":{"drawMode":0,"name":"Shaded","section":"Shading Mode"},"sceneLighting":true,"audioPlay":false,"sceneViewState":{"m_AlwaysRefresh":false,"showFog":true,"showSkybox":true,"showFlares":true,"showImageEffects":true,"showParticleSystems":true,"showVisualEffectGraphs":true,"m_FxEnabled":true},"in2DMode":false,"pivot":{"x":-12.499433517456055,"y":48.163387298583987,"z":-54.92413330078125},"rotation":{"x":-0.3644906282424927,"y":-0.1273624151945114,"z":0.05039823800325394,"w":-0.921086311340332},"size":0.026038609445095063,"orthographic":false}