{"cameraMode":{"drawMode":0,"name":"Shaded","section":"Shading Mode"},"sceneLighting":true,"audioPlay":false,"sceneViewState":{"m_AlwaysRefresh":false,"showFog":true,"showSkybox":true,"showFlares":true,"showImageEffects":true,"showParticleSystems":true,"showVisualEffectGraphs":true,"m_FxEnabled":true},"in2DMode":false,"pivot":{"x":-10.987281799316407,"y":-30.298015594482423,"z":-61.191715240478519},"rotation":{"x":0.03392240032553673,"y":0.932714581489563,"z":-0.34785547852516177,"w":0.09014026075601578},"size":28.31464385986328,"orthographic":false}