{"cameraMode":{"drawMode":0,"name":"Shaded","section":"Shading Mode"},"sceneLighting":true,"audioPlay":false,"sceneViewState":{"m_AlwaysRefresh":false,"showFog":true,"showSkybox":false,"showFlares":true,"showImageEffects":true,"showParticleSystems":true,"showVisualEffectGraphs":true,"m_FxEnabled":true},"in2DMode":false,"pivot":{"x":-11.36749267578125,"y":-14.489290237426758,"z":-17.180715560913087},"rotation":{"x":0.07860172539949417,"y":-0.9211524128913879,"z":0.28041020035743716,"w":0.25820866227149966},"size":15.835394859313965,"orthographic":false}