{"cameraMode":{"drawMode":0,"name":"Shaded","section":"Shading Mode"},"sceneLighting":false,"audioPlay":false,"sceneViewState":{"m_AlwaysRefresh":false,"showFog":true,"showSkybox":false,"showFlares":true,"showImageEffects":true,"showParticleSystems":true,"showVisualEffectGraphs":true,"m_FxEnabled":true},"in2DMode":false,"pivot":{"x":-0.046117186546325687,"y":8.876323699951172,"z":1.0252188444137574},"rotation":{"x":-0.18929794430732728,"y":-0.4810842275619507,"z":0.1072259470820427,"w":-0.8492599129676819},"size":0.25334230065345766,"orthographic":false}